{
  "Random Forest": 0.061747072477099846,
  "Linear SVM": -0.09644693267731803,
  "XGBoost": 0.4017784893512726,
  "LightGBM": 0.40589104294945844
}